how the market works;495
what is digital marketing;181
how to invest in stock market;99
what time does the stock market open;81
what is market research;81
what is market cap;81
what is market capitalization;81
what is a money market account;81
what is stock market;81
what is marketing mix;81
what is content marketing;66
how does the stock market work;66               
how the stock market works;66
is the stock market open today;66
what is market segmentation;66
how to invest in the stock market;54
what time does the stock market close;54
what is the stock market;54
what is a bear market;54
when does the stock market open;54
what is affiliate marketing;54
what is a market;54
what is network marketing;54
what is inbound marketing;44
what is direct marketing;44
what is market share;44
how to market your business;36
what is social media marketing;36
what is money market;36
how to market a product;36
what is a bull market;36
what is a market economy;36
what is the stock market doing today;29
how did the stock market do today;29
what is marketing research;29
what time does stock market open;29
what is a marketing plan;29
what is target market;29
how to market yourself;29
when did the stock market crash;29
when does stock market open;24
how to do market research;24
what is a target market;24
how stock market works;24
how to play the stock market;24
what is a stock market;24
how is the stock market doing today;24
is stock market open today;24
what is the marketing mix;24
what is market failure;24
what is market economy;24
what is the black market;24
what time does the market open;24
when does the stock market close;24
what time does stock market close;19
what does a marketing manager do;19
what is b2b marketing;19
how to write a marketing plan;19
why is marketing important;19
what is mass market paperback;19
how to calculate market share;19
what does market cap mean;19
what is a free market;19
why did the stock market crash in 1929;19
how to become a marketing manager;16
what time does the stock market close today;16
how to make money in the stock market;16
what is market value;16
what is marketing automation;16
what did the stock market close at today;16
what is vector marketing;16
what is a flea market;16
what time does the market close;16
why is it called a flea market;16
when does the market open;13
what is a money market;13
how to market an app;13
what is a free market economy;13
why is the stock market down;13
how to read the stock market;13
what does marketing mean;13
what is guerrilla marketing;13
what is a market segment;13
what is the best phone on the market;13
what is free market;13
what are marketable securities;13
what caused the stock market crash of 1929;13
what is a market cap;13
how to get into the stock market;1
is the stock market open on columbus day;1
what is a money market fund;1
how to stock market;1
how to create a marketing plan;1
how to play stock market;1
what is a marketing manager;1
what can you do with a marketing degree;1
what is money market account;1
what time does boston market close;1
is the market open today;1
what cheer flea market;1
what is bear market;1
when does stock market close;1
when is the stock market open;880
is the stock market open tomorrow;880
why is the stock market down today;880
why is the market down today;880
what is sports marketing;880
what time does the market close today;880
what is fair market value;880
is the stock market open on presidents day;880
what year did the stock market crash;880
when does the market close;880
why did the stock market crash;880
is marketing a good major;720
is the stock market open;720
what is the best smartphone on the market;720
is the stock market going to crash;720
when will the stock market crash;720
is vector marketing a scam;720
is the stock market open on veterans day;720
what is a market order;720
what is a walmart neighborhood market;720
when was the stock market crash;720
why do markets exist;720
when does the stock market close today;480
when was photography invented;36
how to start a photography business;29
what is iso in photography;24
what is boudoir photography;16
how to learn photography;13
what is portrait photography;1
how to get into photography;1
what is hdr photography;1
what is macro photography;1
what is composition in photography;1
how to sell photography;880
what is digital photography;880
how to make money with photography;880
how to start photography;880
how to make money from photography;880
what is exposure in photography;880
what is aperture in photography;880
what is stock photography;720
how to make a photography portfolio;720
what is fine art photography;720
when was color photography invented;720
what is still life photography;590
how to start photography business;590
what does photography mean;590
how to do photography;590
what is landscape photography;590
what is street photography;590
what does iso mean in photography;590
what does iso stand for photography;480
when did photography begin;480
what is white balance in photography;480
why is photography important;390
how to start your own photography business;390
how to create a photography portfolio;390
what is commercial photography;390
how to make money in photography;390
how to make a photography logo;390
what is editorial photography;390
what is bracketing in photography;390
what is contrast in photography;390
what is depth of field in photography;390
what is freelance photography;390
what is lifestyle photography;390
what is noise in photography;390
what is shutter speed in photography;390
what was the first commercial photography process;390
how to make a photography website;320
what does a director of photography do;320
how to sell photography prints;320
how to sell your photography;320
how to do time lapse photography;320
how to get started in photography;320
what is framing in photography;320
what is iso photography;320
how to get photography clients;260
how to price photography;260
how to build a photography portfolio;260
how much does wedding photography cost;260
what is the best camera for photography;260
how much to charge for photography;260
what does slr stand for in photography;260
what is bokeh photography;260
what is principal photography;260
what is the rule of thirds in photography;260
when did photography start;260
what is a director of photography;210
what year was photography invented;210
what are good cameras for photography;170
when did color photography begin;140
photography editing;9140
sexual photography;1500
photography;1000
sexy photography;673
porn photography;450
photography shops;301
mirror photography;301
babies photography;246
nudist photography;246
stock photography;201
photography studios;201
love photography;201
photography editor;201
photography effects;165
photography printing;135
photography app;135
photography galleries;110
best photography editors;110
pussy photography;110
natural photography;905
high definition photography;905
funny photography;905
girls photography;905
free photography;74
wedding photography;74
photography backgrounds;74
hd photography;74
photography box;74
portraits photography;605
black and white photography;605
photography editing software;605
naked photography;605
kiss photography;605
photography quotes;495
cool photography;495
romantic photography;495
photography apps;495
newborn photography;405
christmas photography;405
nude photography;405
cute photography;405
best photography;405
images photography;405
snap photography;405
model photography;405
photography courses;331
arial photography;331
landscape photography;331
high dynamic range photography;331
photography logo;331
street photography;331
couple photography;331
photography tips;331
photography backdrops;331
crime scene photography;331
amazing photography;331
birthday photography;331
blur photography;331
cake photography;331
photography classes;271
food photography;271
baby photography;271
monochrome photography;271
pregnancy photography;271
pregnant photography;271
photography contests;271
3d photography;271
photography wallpapers;271
vagina photography;271
candid photography;271
roses photography;271
blacks photography;271
nice photography;271
aerial photography;222
photography blogs;222
fashion photography;222
vintage photography;222
erotic photography;222
erotica photography;222
gay photography;222
bird photography;222
photography cameras;222
best photography editing software;222
background photography;222
birthday cakes photography;222
stock photography free;181
still life photography;181
product photography;181
nature photography;181
lion photography;181
photography essay;181
photography ideas;181
wildlife photography;181
tiger photography;181
iphone photography;181
photography paper;181
photography images;181
photography jobs;181
old photography;181
photography props;181
adult photography;181
magic photography;181
digital photography school;148
photography websites;148
digital photography;148
professional photography;148
kids photography;148
art photography;148
artistic photography;148
fine arts photography;148
maternity photography;148
pre wedding photography;148
photography forums;148
photography competitions;148
photography magazines;148
glamour photography;148
breast photography;148
photography poses;148
photography stores;148
photography software;148
marriage photography;148
celebrity photography;148
real estate photography;121
group photography;121
school photography;121
long exposure photography;121
type of photography;121
types of photography;121
photography for beginners;121
lifetouch photography;121
sports photography;121
first photography;121
night photography;121
nighttime photography;121
post mortem photography;121
photography pictures;121
photography styles;121
good photography;121
fish photography;121
fishing photography;121
unique photography;121
snake photography;121
best photography apps;121
canvas photography;99
photography life;99
photography definitions;99
online photography;99
architectural photography;99
family photography;99
amateur photography;99
photography printers;99
abstract photography;99
stars photography;99
valentine photography;99
valentines photography;99
graduation photography;99
photography techniques;99
photography session;99
wedding photography ideas;99
studio photography;99
history of photography;99
infrared photography;99
sunset photography;99
underwater photography;99
flash photography;99
flashlight photography;99
photography news;99
world photography day;99
space photography;99
prince photography;99
best cameras for photography;99
high resolution photography;81
photography sites;81
summer photography;81
director of photography;81
photography portfolios;81
drone photography;81
learn photography;81
learning photography;81
photography logos;81
photography tutorials;81
sport photography;81
photography art;81
photography artist;81
master of photography;81
travel photography;81
action photography;81
creative photography;81
photography themes;81
photography books;81
photography editing software free;81
galaxy photography;81
film photography;81
eye photography;81
horror photography;81
photography lighting;81
flowers photography;81
awesome photography;81
photography equipment;81
angel photography;81
photography games;81
bridal photography;81
dslr photography;81
cricket photography;81
mobile photography;81
photography challenges;81
braless photography;81
online photography courses;66
professional photography printing;66
commercial photography;66
time lapse photography;66
documentary photography;66
urban photography;66
what is photography;66
photography schools;66
child photography;66
event photography;66
photography basics;66
double exposure photography;66
smile photography;66
newborn baby photography;66
light painting photography;66
death photography;66
home photography;66
beach photography;66
halloween photography;66
smoke photography;66
smoking photography;66
garden photography;66
yoga photography;66
design photography;66
spring photography;66
baby girl photography;66
light photography;66
makeup photography;66
sun photography;66
freestyle photography;54
photography business cards;54
international center of photography;54
high key photography;54
star photography;54
lifestyle photography;54
fitness photography;54
war photography;54
shadow photography;54
birth photography;54
birthing photography;54
freelance photography;54
photography workshops;54
photography exhibition;54
mountain photography;54
photography projects;54
water photography;54
pet photography;54
beautiful photography;54
snow photography;54
conceptual photography;54
low key photography;54
photography clubs;54
analogue photography;54
car photography;54
photography composition;54
sunrise photography;54
aura photography;54
wolf photography;54
popular photography;54
rock photography;54
best friend photography;54
horse photography;54
scary photography;54
lines photography;54
photography lights;54
amateur nude photography;54
interesting photography;54
outdoor photography;54
lingerie photography;54
guitar photography;54
camera photography;54
bad photography;54
best photography website;44
sell stock photography;44
milky way photography;44
wedding photography prices;44
classic photography;44
editorial photography;44
prestige photography;44
wedding photography packages;44
jewelry photography;44
dance photography;44
online photography class;44
online photography classes;44
buy photography;44
newborn photography ideas;44
photography templates;44
animal photography;44
island photography;44
eagle photography;44
pregnancy photography ideas;44
photography keychain;44
portrait photography tips;44
wedding photography tips;44
dog photography;44
reflection photography;44
photography journal;44
photography apps free;44
baby photography ideas;44
photography terms;44
alphabet photography;44
backdrop for photography;44
backdrops for photography;44
backgrounds for photography;44
instant photography;44
light box photography;44
photography hashtags;44
bondage photography;44
baby boy photography;44
best photography cameras;44
photography names;44
best nude photography;44
venture photography;44
shoe photography;44
best photography websites;36
photography courses online;36
when was photography invented;36
photography site;36
holiday photography;36
color photography;36
book photography;36
photography lessons;36
self portrait photography;36
self portraits photography;36
perspective photography;36
engagement photography;36
composition photography;36
best stock photography sites;36
stock photography sites;36
creative photography ideas;36
photography deals;36
portfolio photography;36
rose photography;36
professional photography editing software;36
fisheye photography;36
micro photography;36
photography tricks;36
wordpress photography themes;36
rain photography;36
exposure photography;36
world photography;36
photography drone;36
twin photography;36
twins photography;36
retro photography;36
body photography;36
professional photography cameras;36
photography contracts;36
photography backdrop stand;36
photography lighting equipment;36
building photography;36
photography supplies;36
emotion photography;36
flag photography;36
king photography;36
nude couples photography;36
chocolate photography;36
negative photography;36
low light photography;36
photography fonts;36
pinhole photography;36
baby photography props;36
rainbow photography;36
breastfeeding photography;36
body paint photography;36
photography colleges;29
how to start a photography business;29
photography websites templates;29
advertising photography;29
nice print photography;29
corporate photography;29
photography portraits;29
focused photography;29
framing photography;29
contemporary photography;29
photography business;29
photography businesses;29
still photography;29
photography meaning;29
people photography;29
photography project ideas;29
panorama photography;29
interior photography;29
leonards photography;29
improve photography;29
village photography;29
basic photography;29
photography internships;29
photography awards;29
snapshot photography;29
snapshots photography;29
expression photography;29
fairy photography;29
simple photography;29
trick photography;29
photography agency;29
winter photography;29
award winning photography;29
cinematic photography;29
miniature photography;29
prism photography;29
moon photography;29
define photography;29
masters of photography;29
night sky photography;29
adventure photography;29
good cameras for photography;29
music photography;29
close up photography;29
dark photography;29
best photography books;29
bear photography;29
photography institute;29
sunflower photography;29
deer photography;29
photography reflectors;29
glitter photography;29
smoke bomb photography;29
erotic sex photography;29
beer photography;24
captured photography;24
photography careers;24
contrast photography;24
photography skills;24
free online photography courses;24
photography services;24
careers in photography;24
forensic photography;24
photography tips and tricks;24
spiritual photography;24
texture photography;24
photography companies;24
woods photography;24
microscopic photography;24
beauty photography;24
nude art photography;24
couples photography;24
photography tours;24
photography apprenticeships;24
photography history;24
product photography tips;24
beginners photography;24
concept photography;24
famous photography;24
different types of photography;24
modern photography;24
photography videos;24
photography models;24
basics of photography;24
max photography;24
photography nudes;24
desert photography;24
high speed photography;24
large format photography;24
sensual photography;24
firework photography;24
forest photography;24
photography copyright;24
photography types;24
digital photography magazines;24
photography watermarks;24
tree photography;24
the art of photography;24
cameras for photography;24
photography day;24
backlight photography;24
backlighting photography;24
backlit photography;24
hands photography;24
photography photos;24
photography studio equipment;24
water drop photography;24
water droplet photography;24
deep photography;24
dark room photography;24
antique photography;24
sunshine photography;24
photography film;24
high contrast photography;24
candy photography;24
photography accessories;24
motorcycle photography;24
better photography;24
photography gifts;19